appid,time
10,3110831958.0
100,1318584.0
10090,220606306.0
10180,133848842.0
10190,239711240.0
102500,5989202.0
10270,12243383.0
102700,476240.0
104900,5969156.0
10500,723785912.0
10540,2518354.0
105450,539173269.0
105600,7749819673.0
10680,1837688.0
107100,1938208.0
107200,6356974.0
107410,4134711326.0
108200,5254585.0
108600,256712873.0
108710,2411962.0
108800,1879844.0
109600,595906213.0
11020,68436123.0
110800,68876596.0
113020,7082389.0
113200,80742782.0
113400,161948475.0
113420,6859924.0
11450,12591689.0
115320,1846811.0
11610,1439574.0
1200,5613682.0
12100,2053882.0
12110,5805591.0
12120,260560982.0
12140,951632.0
12150,9123594.0
12200,2448570.0
12210,242485743.0
12220,2802798.0
12250,6765669.0
12320,14100892.0
1250,116626356.0
12750,765398.0
1280,831977.0
12810,1329489.0
130,13396153.0
13210,8589714.0
13230,15640944.0
13260,7131933.0
13520,16051843.0
15100,2087074.0
15120,12339568.0
15170,3557937.0
15210,20664716.0
15320,12628394.0
15370,4008857.0
15620,4598136.0
15700,17317227.0
16450,11462576.0
16700,1824718.0
16810,3670102.0
17300,1617766.0
17390,208207079.0
17410,2158336.0
17430,1841947.0
17440,14082281.0
17450,4025501.0
17460,6122546.0
17470,2288410.0
17480,7177861.0
17500,1618878.0
17520,1730763.0
17570,826027.0
1840,283990006.0
18500,1752250.0
1900,32410657.0
1930,3241791.0
19680,5398149.0
19900,2350560.0
19930,6240534.0
20,1540829.0
200170,2223199.0
200210,335376852.0
200260,119138024.0
200510,280209379.0
200710,211265610.0
201230,3442345.0
201310,4118436.0
201700,5592582.0
201790,3517089.0
201810,128684203.0
201870,2884778.0
202170,1149010.0
202200,13365205.0
202480,2654204.0
202970,5142783.0
202990,222768774.0
203140,88576084.0
203160,514791677.0
203290,88126283.0
203350,2204637.0
203630,14670345.0
203680,2541933.0
203770,1795686944.0
204030,1792249.0
204100,4803427.0
204120,1589376.0
204300,74471760.0
204340,13320810.0
204360,165323126.0
204450,1477982.0
204880,245460047.0
20500,744206.0
20510,3988475.0
205100,150384602.0
20540,15784494.0
205610,1639972.0
20570,1535880.0
205710,6042444.0
205990,10046128.0
206190,329657.0
206210,693507.0
206420,150556568.0
206440,13083926.0
206480,7110600.0
206500,1741970.0
207140,5610056.0
207170,818811.0
207610,3842917.0
207890,109918055.0
208090,384861.0
208140,4998900.0
208200,1857644.0
208480,4064104.0
208500,1612764.0
208520,8017036.0
208580,188453326.0
208650,286873048.0
20900,287085540.0
209000,86734715.0
209080,2748891.0
209160,1928024.0
209170,3379078.0
20920,252574177.0
209650,1790864.0
209660,1176467.0
209870,1095933.0
2100,13697386.0
21000,13413441.0
210770,18211542.0
21090,12949707.0
210970,3089185.0
21100,12567638.0
21130,3263850.0
211420,196169965.0
211500,105120693.0
211820,781083935.0
212070,83781250.0
212160,84819955.0
212200,121141126.0
212480,1794560.0
212500,202717870.0
212680,326517647.0
212740,256147254.0
212910,113713884.0
213120,5423436.0
213330,1091847.0
213610,2887173.0
213670,92689055.0
213850,13765255.0
214170,1038567.0
214340,12524996.0
214420,4431890.0
214490,6060320.0
214510,3215596.0
214560,818747.0
214730,2948015.0
214850,2887176.0
214950,1594391322.0
215080,127710696.0
215100,11071940.0
215280,66417698.0
215530,16413695.0
215830,10650016.0
215930,3075799.0
216150,332515732.0
216250,1328719.0
216260,6619025.0
216890,8056772.0
21690,8373639.0
217200,3050205.0
217490,151339585.0
217750,1936838.0
217980,3109249.0
218,224581857.0
218230,502482332.0
218510,1354827.0
218620,5543735868.0
218640,489017.0
218680,2030102.0
219150,3343597.0
219640,108530116.0
21970,2838986.0
219740,653349966.0
219780,1666745.0
219830,13102897.0
219990,1235048496.0
220,258813272.0
220200,1026418989.0
220240,199441160.0
220260,1277474.0
220440,2832458.0
220700,5731443.0
220740,6554153.0
22100,2779392.0
221040,126063502.0
221100,2182094011.0
221260,6997141.0
22130,15282606.0
221380,2386060655.0
221540,11874921.0
221680,216103244.0
221910,1767412.0
222440,13008613.0
222480,2063069.0
222730,8032508.0
222750,1264295.0
222880,528353284.0
222940,2798943.0
22300,1971634.0
223100,2956838.0
22320,110644162.0
22330,283506371.0
223330,2069135.0
223470,5822070.0
22350,6631539.0
223670,6412090.0
22370,90567619.0
223710,2367853.0
223750,13772230.0
22380,929706509.0
223830,27931910.0
223850,6090733.0
224060,3839521.0
224260,116334343.0
224480,9180337.0
224500,10044581.0
224540,1135853.0
224580,2709198.0
224600,3397024.0
224760,10675950.0
22490,147546314.0
224900,2275753.0
225080,7263300.0
225260,19053968.0
225420,1163917.0
225540,564512841.0
225640,1784784.0
225840,6854075.0
22600,1127286.0
226580,1109519.0
226840,227115784.0
226860,127020951.0
227180,4769600.0
227300,4884454469.0
227320,3916242.0
227860,1875243.0
227940,876059223.0
228180,6071474.0
228200,356034016.0
228260,1380739.0
228280,159337626.0
228300,9514729.0
228380,11721666.0
228760,8713231.0
230190,3002015.0
230230,1113506.0
230290,5899996.0
230410,14122894406.0
231060,8374813.0
231120,5261120.0
231160,2405164.0
231350,25723967.0
231430,1361204891.0
231670,236871655.0
232010,7709565.0
232050,38372675.0
232090,1690622849.0
232890,100574197.0
232910,9139999.0
23310,1439372.0
233130,1754336.0
233250,6062503.0
233290,11333105.0
233450,446296259.0
233720,8352072.0
233800,14241816.0
233840,745746.0
233860,66201966.0
233980,12763584.0
234080,1037785.0
234140,247069309.0
234330,9116077.0
234630,70631773.0
234650,2902807.0
234670,1266148.0
234710,10858177.0
235320,5705505.0
235340,2845241.0
235380,1175026.0
235400,2164846.0
235460,2286905.0
235540,52534140.0
235600,3104514.0
235800,7807047.0
235900,23477713.0
236090,8281522.0
236110,169181072.0
236150,6687573.0
236390,3916109581.0
236430,86903807.0
236690,122483077.0
236850,3545909538.0
236870,245564221.0
237110,2480055.0
237310,109905058.0
237850,7373553.0
237870,9839419.0
237930,1243138.0
237990,2520756.0
238010,7665595.0
238090,86512466.0
238260,1200866.0
238320,4511745.0
238370,2918146.0
238430,8676358.0
238460,95468236.0
238750,11749103.0
238960,7514320374.0
239030,7337782.0
239070,793789.0
239120,19880983.0
239140,1538208499.0
239160,3725594.0
239250,8376661.0
239350,6948754.0
239820,6840113.0
239840,9479644.0
240,1147315323.0
24010,321744027.0
240320,9351625.0
240720,98621472.0
240760,780610.0
241260,10857929.0
241540,1102335.0
241560,3049863.0
241600,3299738.0
241930,202314836.0
24200,140121221.0
242050,272935802.0
24240,1301518.0
242550,1389024.0
242640,1364748.0
242680,4472386.0
242700,2670522.0
242760,1627118997.0
242860,4197007.0
242920,355748393.0
243470,6277545.0
243950,3689239.0
243970,1472572.0
244030,438402.0
244160,4359017.0
244210,623578487.0
244450,398267855.0
244730,594723.0
244770,779780.0
244850,1386316727.0
244930,1251279.0
245170,3473746.0
245470,1625202.0
245490,702996.0
245620,144646714.0
246420,1981752.0
246620,178812624.0
24670,18894145.0
246900,4148245.0
247000,3892346.0
247020,8346221.0
247080,4933079.0
24720,4527469.0
24740,1930643.0
24780,9286253.0
24790,5221768.0
24800,3861950.0
24810,4442973.0
248170,2755932.0
248390,116506797.0
24840,12429009.0
248570,2603088.0
248610,2050915.0
24870,7271146.0
248820,4938059.0
248860,12241841.0
249050,3351727.0
249130,79280284.0
249230,1997498.0
249590,1726815.0
24960,84811590.0
249650,9873727.0
24980,5930834.0
25000,12770848.0
250320,1462115.0
250340,933092.0
250400,1294887.0
250520,2877157.0
250760,2850993.0
250820,3901928.0
250900,1480652872.0
251040,11760395.0
251060,198857389.0
251110,3488508.0
251150,2361342.0
251290,19256158.0
251570,3175890778.0
251730,1215766.0
251950,6126666.0
252110,9803791.0
252150,6554932.0
252410,4811088.0
252470,1021321.0
252490,12006808066.0
252530,184926423.0
252610,1946720.0
252690,3341560.0
252870,13807326.0
252950,9989006664.0
253230,9691269.0
253250,7142106.0
253430,9144060.0
253490,2713967.0
253710,183212292.0
253880,1619851.0
253900,27962931.0
253920,19716222.0
253940,1297864.0
254100,11619431.0
254200,2327717.0
254300,12299631.0
254700,8005210.0
255220,2181699.0
255480,1303722.0
255710,3067916677.0
256290,10131953.0
257170,1216755.0
257350,10643016.0
257510,4576350.0
257850,1600222.0
25800,1956555.0
258010,32044.0
258030,499525.0
25830,14291149.0
258700,1920016.0
25890,3607206.0
258970,1612654.0
25900,2095124.0
259020,2007590.0
259060,657750.0
259080,1605358.0
259340,14297135.0
259360,18042002.0
259680,3405339.0
2600,2549351.0
260430,10012725.0
261030,1444221.0
261110,544297.0
261180,9764044.0
261430,113502901.0
261470,11706848.0
261570,4606474.0
261640,378305627.0
2620,11553171.0
262060,874011097.0
262150,62098.0
262280,1593548.0
262410,3418050.0
262940,4473155.0
2630,3340561.0
263060,3151570.0
263280,109225658.0
263500,725370.0
263540,15746819.0
263560,33301.0
263760,5834947.0
264200,957727.0
264710,1053775691.0
265210,5588257.0
265300,2092765.0
265550,2581954.0
265610,6711367.0
265630,4647728.0
265930,3506228.0
266410,2002013.0
266510,913020.0
266840,355220782.0
267530,1317674.0
268050,3788426.0
268130,2116652.0
268400,115146186.0
268420,102089714.0
268500,1323429316.0
268650,7734663.0
268750,8769504.0
268850,561242088.0
268870,22270957.0
268910,240766839.0
269210,105662075.0
269330,453468.0
269470,2672632.0
269770,1540122.0
269950,336727975.0
2700,4640952.0
270150,2682588.0
270370,8464042.0
270880,1003665271.0
271240,2270263.0
271290,689960.0
271360,12367618.0
271590,20797043344.0
272230,7999456.0
272270,1136137.0
273110,215547245.0
273350,1985843.0
274170,5478082.0
274190,85190654.0
274520,1660200.0
274900,4575801.0
274920,18801117.0
274940,4925274.0
275850,1559736271.0
2760,8982659.0
276810,4309560.0
278080,6289581.0
278890,4870267.0
280,18279017.0
2800,3147190.0
280160,13498815.0
280220,6286284.0
28050,1636968.0
280790,173443176.0
2810,4305786.0
281610,1698764.0
281640,1636384.0
281990,3273528428.0
2820,2442123.0
282070,252930976.0
282140,2195487.0
282350,2275772.0
282400,10973816.0
282440,85350088.0
282560,9797957.0
282800,6818538.0
282900,2691885.0
283640,3920571.0
284160,616633271.0
284950,250474.0
285010,3539093.0
285160,2839535.0
285190,56092991.0
285310,6099956.0
285330,3675081.0
285900,5022927.0
285920,163029101.0
286000,9438525.0
286160,793485971.0
286570,5475993.0
286690,126993654.0
286940,45318491.0
2870,22487183.0
287260,1809146.0
287290,3538271.0
287390,126529038.0
287450,161796338.0
287680,1025297.0
287700,513669259.0
287920,1606961.0
287980,2900825.0
288140,1460401.0
288160,13357354.0
288390,117093633.0
288470,3660165.0
288570,1363154.0
289070,7458599802.0
289130,156787680.0
289520,2051071.0
289650,139900095.0
289930,10009428.0
289950,3816458.0
290080,164395358.0
290300,2059058.0
290340,7079757.0
290730,2428177.0
290790,6281265.0
290930,14935557.0
291410,1883449.0
291480,740502477.0
291550,2512578650.0
291650,293155388.0
291860,2279994.0
292030,4522559555.0
292120,6029805.0
292140,17163600.0
292180,5410086.0
292730,59423703.0
292910,31955020.0
292990,1612963.0
293180,640001.0
293260,2112552.0
293760,64319784.0
293780,8736872.0
294100,3086657147.0
294860,2708514.0
295110,66915203.0
295270,379938517.0
295550,12147526.0
296300,1285338.0
296470,4802530.0
296490,3482442.0
296870,372082.0
296970,9799626.0
297000,260075291.0
298030,19434704.0
298050,8425483.0
298110,260970615.0
298240,809421.0
298610,49900530.0
298630,2309778.0
298900,3258848.0
2990,1548731.0
299360,38316540.0
299460,2597494.0
299740,162475327.0
30,2525340.0
300,123456014.0
300080,1319442.0
300380,1468853.0
300550,2646723.0
300570,7078718.0
300790,1491423.0
301120,6019809.0
301320,17436532.0
301520,295661323.0
301640,2901270.0
301910,9731998.0
302510,2084207.0
302590,1416479.0
302670,6087669.0
302830,37479567.0
303390,1727271.0
303720,775824.0
304030,99774492.0
304050,775571071.0
304240,2890948.0
304390,1431588908.0
304410,1873930.0
304430,2064982.0
304530,10977026.0
304650,2447278.0
304730,1477115.0
304930,4421040229.0
305260,10994134.0
305620,495099424.0
306020,77560850.0
306130,4076012063.0
306760,790271.0
307670,9430672.0
307690,11539588.0
307780,174301430.0
307960,4792203.0
308040,1953467.0
310380,1630608.0
310470,10338166.0
310560,148311889.0
310950,419130687.0
311210,564563749.0
311260,18325050.0
311290,76199518.0
311310,153427818.0
311340,19272528.0
311560,5063948.0
311690,542499583.0
311730,1298883.0
311770,9221404.0
311860,1195471.0
312060,6745581.0
312280,8932567.0
312450,6058351.0
312520,11708438.0
312530,97819163.0
312660,382006579.0
312750,16070997.0
312990,1301578.0
313010,14429402.0
313120,9227305.0
313160,80558269.0
313340,2588313.0
313690,2517556.0
313780,1614872.0
314150,32358.0
314160,681059466.0
314410,10484572.0
314520,4262952.0
314660,4171551.0
314790,2614987.0
314970,10829666.0
314980,2141263.0
315460,15064413.0
315660,2952483.0
316010,166627599.0
316390,2976086.0
316790,8219371.0
3170,11160569.0
317360,6452043.0
317400,1596033.0
317470,1569381.0
317600,5942051.0
317820,6237411.0
318020,1036542.0
319510,14230202.0
319630,175218031.0
319730,9492578.0
319910,7615264.0
320,3860521.0
320300,4342317.0
321040,55824267.0
321360,3050286.0
321400,948266.0
321410,14196862.0
321800,2768814.0
321960,6090313.0
322110,11294589.0
322170,899746037.0
322190,894687.0
322330,2799450536.0
322460,8234395.0
322500,2674081.0
322520,10017544.0
322780,3296326.0
322920,4132374.0
323220,20416085.0
323370,289423263.0
323470,1819772.0
323580,5968921.0
32360,10573862.0
323610,7711142.0
32370,135716575.0
323850,2977153.0
323910,7857596.0
324080,2862488.0
324270,272.0
32430,1742408.0
324310,1243252.0
32440,5341392.0
324510,34303996.0
32470,389914744.0
324800,4621754.0
32500,9383610.0
32510,1848661.0
325600,445802.0
325610,650319640.0
326160,3016622.0
326360,3939718.0
326410,8375147.0
326460,226542779.0
327030,3702145.0
327070,6044280.0
327090,5532268.0
327140,13800892.0
327400,1954497.0
327690,428263.0
327860,5241230.0
32800,1245356.0
328080,50289424.0
329000,1194140.0
329050,3353732.0
329110,431595651.0
329130,1392302.0
329430,5357610.0
330070,2501314.0
330830,1238063.0
330840,582554.0
331360,18840054.0
331470,112477852.0
331600,2398196.0
331670,2073973.0
331790,646892.0
332070,1378499.0
33230,116609548.0
332310,55791783.0
33250,3431765.0
332570,3763612.0
3330,3962274.0
333300,9727763.0
33340,15568186.0
333420,156436789.0
33350,107381354.0
333600,1566787.0
333640,19704584.0
333930,160215646.0
333950,49455346.0
334230,267557741.0
335240,193422379.0
335300,501271325.0
335360,0.0
335620,26356369.0
335670,13614907.0
336510,411451.0
337000,188205994.0
337150,12351168.0
337320,2950333.0
337950,5429602.0
338170,3594557.0
338180,739000.0
338530,100690.0
33910,1033563.0
339280,320294.0
33930,202764097.0
339340,18242485.0
339600,215580250.0
339610,202927249.0
339800,5864323.0
34000,1904731.0
340000,901253.0
340050,4623382.0
34030,341969205.0
341000,1504162.0
341380,2725.0
341800,2803364.0
342180,3465274.0
34220,3145065.0
342200,192123150.0
342310,155130.0
34270,2353855.0
342970,144086.0
34330,786629260.0
343360,1060477.0
343780,12580543.0
344230,71942.0
34440,1135035.0
34460,2139358.0
344760,28583103.0
344880,29228.0
345090,336560.0
345180,1304886.0
345240,13646539.0
345260,2454397.0
345350,17306567.0
345390,7358296.0
346010,156052667.0
346110,12268744778.0
346120,713284.0
346900,389496514.0
346940,2889467.0
347560,5073386.0
3480,19398566.0
348250,18359287.0
34830,1151748.0
34870,2727506.0
349040,164669027.0
349720,1988725.0
350080,3597145.0
350110,6464029.0
350640,1502107.0
351030,1849570.0
35140,5572067.0
351510,1389873.0
351710,10843358.0
351940,2223451.0
351970,2337098.0
352400,3895572.0
353270,13411528.0
353640,811219.0
354290,1878089.0
35450,119484576.0
354640,2757832.0
354830,540294.0
354850,10200300.0
354920,366816.0
355180,1867879.0
355790,1338611.0
355840,86358541.0
356040,2130724.0
356190,701240198.0
356500,2544303.0
356570,10597077.0
35700,1345382.0
357190,13451038.0
35720,2605626.0
357290,2097662.0
357310,1467323.0
357780,1205718.0
357900,100074.0
3590,340403367.0
359310,7431363.0
359320,1369396959.0
359550,20801642186.0
359870,158195351.0
360170,2660572.0
360430,197549892.0
360450,6075.0
360830,11779930.0
361280,5600629.0
361420,513607981.0
361800,1166604.0
3620,2197448.0
362490,21017484.0
362620,2997253.0
362680,11732084.0
362890,10453770.0
362960,5730841.0
363090,16618842.0
363150,250528000.0
363360,9056155.0
363680,2012001.0
363890,270334050.0
363930,712941.0
363970,1002833144.0
364360,546976463.0
364420,10781537.0
364470,223244198.0
365300,3238780.0
365360,216965999.0
365450,9577759.0
365590,943617203.0
365670,333451331.0
365960,128274823.0
366090,4079777.0
366220,73659011.0
366440,438255.0
367450,6458193.0
367500,233720783.0
367520,738812773.0
367540,1086006.0
367670,2699696.0
368070,106740766.0
368230,52125708.0
368340,56532299.0
368360,23073697.0
368500,125727793.0
368590,2511958.0
368900,982416.0
369140,21055153.0
369990,3562373.0
370240,52277286.0
370360,8153025.0
370540,16401885.0
370730,13436076.0
371460,108277.0
371660,120214916.0
3720,18335361.0
372000,493181145.0
372360,1774163.0
372800,2296993.0
373420,314585204.0
373930,5111564.0
374040,147602919.0
374320,2512036623.0
375010,151181.0
375230,2136281.0
375450,116097108.0
375530,21193043.0
375910,5072083.0
375950,7786227.0
375960,2834836.0
376210,664322767.0
376570,1069889.0
376730,13400.0
376870,857607.0
377160,4351396868.0
377310,270435.0
377530,3531041.0
377840,5127557.0
378120,598521635.0
378200,5649737.0
378370,599715.0
378540,3243301.0
378720,2777573.0
378860,278861040.0
379720,466868193.0
380,3436501.0
380600,370552124.0
380840,977565.0
381210,6172054021.0
381640,533454.0
381990,1066494.0
382080,1188942.0
382110,2918227.0
382490,5784753.0
382850,510885.0
382900,16249946.0
3830,1503119.0
383080,3226570.0
383120,548440389.0
383150,4812173.0
383180,15794391.0
383580,98834.0
383800,436.0
383870,1827633.0
383980,5831122.0
38400,3530460.0
38410,3676198.0
384180,3080699.0
384190,7520160.0
384300,230382996.0
384480,6650.0
384490,431014.0
384740,418294.0
385070,885034.0
385380,8102301.0
385730,6019247.0
385760,155223117.0
385770,6507363.0
385800,9124790.0
386070,6264774.0
386180,878017460.0
386360,2589982942.0
386620,1542521.0
386700,8813.0
386940,7044895.0
387290,9918720.0
387990,491568034.0
388080,141627937.0
388410,5816569.0
388440,10624.0
388660,598112.0
388750,488311.0
388880,7700565.0
389280,5242189.0
389300,69514744.0
389430,472926515.0
389570,3055946.0
389730,715378950.0
3900,149974391.0
39000,2873595.0
390100,16234010.0
390670,1407660.0
3910,277176764.0
391040,30476137.0
39120,90601354.0
391220,559828213.0
39140,141383612.0
391460,1351426.0
39150,6657042.0
391540,260221630.0
39160,9065916.0
391660,901908.0
391720,50347864.0
39190,14950112.0
3920,2703989.0
39200,12343209.0
39210,2883613767.0
392110,366659374.0
392780,4758.0
392950,1061018.0
393080,15485436.0
393100,1165138.0
393380,699030105.0
393420,200437301.0
393430,6158473.0
393530,1991384.0
394230,5729328.0
394310,1530091.0
394360,4421584367.0
394510,5388240.0
394690,5228748.0
394760,4689821.0
394870,684111.0
39500,4508796.0
39510,3406388.0
395380,85476.0
39540,2489326.0
39550,874499.0
396750,3472084.0
39680,2901730.0
397060,3329088.0
397100,9696662.0
397340,3920649.0
397350,21732742.0
397460,2827491.0
397580,2795.0
397900,319345922.0
397950,1110367.0
398850,542197.0
3990,3227145.0
399000,44028.0
400,128904209.0
4000,7609853161.0
400040,9239934.0
400170,1363773.0
400250,618167.0
400740,86056.0
400910,1819982.0
40100,6925954.0
401870,1629556.0
402170,17343.0
402220,728671.0
402430,927599.0
402570,1935563.0
402710,2027910.0
402840,388924983.0
40300,2133263.0
403190,5331151.0
403560,182116.0
403640,219753927.0
40390,1672560.0
404410,2327998.0
404540,1866311.0
404590,1028766.0
404680,7995743.0
404730,70663952.0
405310,3448089.0
405640,4506805.0
405900,1785570.0
406090,612383.0
406150,218456.0
406290,2088089.0
40700,9565875.0
407000,229521.0
407190,4432367.0
407330,7000343.0
407530,910140.0
40800,1840924.0
408760,2171226.0
40950,4995643.0
40960,4378822.0
40970,177783319.0
409710,8699921.0
409720,3831938.0
40980,1624628.0
40990,1471581.0
41000,10407660.0
41010,12679949.0
410110,871322.0
410320,6017091.0
410340,2904156.0
410380,1058760.0
410590,512178.0
41070,3571304.0
410900,6170881.0
410980,2412535.0
411300,122971796.0
412050,2109987.0
412170,344274.0
412290,4709515.0
412600,267135.0
412740,5053551.0
412830,2556095.0
413150,4248072574.0
413410,7251123.0
413420,7901795.0
414070,2066094.0
414290,779277.0
414340,4080234.0
414530,4445679.0
414700,2553055.0
414740,2764122.0
41500,14362173.0
415200,244819862.0
415960,159048.0
416270,8024789.0
416450,6739433.0
41700,6362959.0
417860,4462463.0
418030,5276857.0
418240,7959297.0
418250,3504548.0
418340,882844.0
418370,8440030.0
418460,350466648.0
418650,1074062.0
419480,2006232.0
420,4510043.0
420290,3637092.0
420360,179427.0
420440,16931966.0
420530,15751948.0
420790,10420681.0
421020,70603575.0
421040,726383.0
421050,7589793.0
422900,1400570.0
423230,14829259.0
423580,2798635.0
423710,451078.0
423770,6201.0
424030,28156810.0
424280,9670220.0
424370,436892527.0
424840,2677702.0
425160,5308.0
425220,6958877.0
425340,4664.0
425580,10472069.0
426000,1665609.0
42680,120449420.0
42690,161938690.0
42700,114594533.0
42710,101537724.0
427100,2949749.0
427270,25857644.0
427490,216918.0
42750,45408049.0
427520,2208846184.0
427720,5231013.0
427730,1025047.0
428630,79327.0
428690,3635154.0
428900,112333.0
428950,159957.0
429050,6449872.0
42910,2728104.0
429280,1222245.0
42960,206042160.0
429660,109002529.0
429790,5755713.0
430440,35573.0
43110,3408391.0
431180,1083693.0
431240,171657020.0
431560,1972188.0
43160,1415226.0
431600,2781940.0
431730,17939581.0
431960,3740842040.0
432150,764393.0
433340,321268295.0
433350,1020350.0
433530,1191492.0
433850,862665113.0
434030,9458534.0
434170,87929082.0
434570,1216135.0
434650,141277864.0
435030,1161294.0
435150,2483674986.0
435400,10119931.0
435440,950379.0
436150,11037219.0
436320,5851511.0
436520,2096485.0
437920,3073056.0
438010,299119.0
438020,26591699.0
438030,466822.0
438040,445380888.0
438100,1955793214.0
438140,1945643.0
438490,1424969.0
438640,2693565.0
438740,173015403.0
439350,119400422.0
439700,641599.0
440,14138278558.0
440650,2403351.0
440900,2120256617.0
441550,13403345.0
441960,1205231.0
442070,2137241.0
442080,128623410.0
442120,2386116.0
442780,2987947.0
443110,3141856.0
44350,8346480.0
443810,2771298.0
443940,4745240.0
444090,3977716123.0
444200,2826045474.0
444460,528045.0
444480,696762.0
444490,7333169.0
444640,169690832.0
445190,2074872.0
445220,182155370.0
445310,3120060.0
445880,44515.0
446020,17087818.0
446150,54714210.0
446800,385140964.0
447020,920654935.0
447040,319362633.0
447530,3640007.0
447820,97396289.0
447880,4006369.0
447990,5313.0
448070,7730425.0
448080,5793856.0
448280,2726792.0
448440,2262383.0
448470,2625910.0
448500,206380.0
448510,4753917.0
448630,688879.0
448640,224923.0
448780,295630.0
449140,6943943.0
449540,5409506.0
449630,8678318.0
449680,640193.0
449800,5123663.0
4500,5949325.0
450390,2399401.0
450540,4095348.0
451020,3981408.0
451130,664112.0
451340,136921592.0
452060,1221327.0
452230,853964.0
452570,5881691.0
453090,43302085.0
453480,1082268595.0
453980,95599.0
454080,250360.0
454150,1155125.0
454180,706091.0
454510,8851167.0
454650,265708400.0
454690,171387.0
454910,1285184.0
455130,11468384.0
455940,116979.0
455980,20358222.0
4560,2075795.0
456610,108565769.0
456670,2209219.0
4570,2275050.0
457140,1443649893.0
457330,1130032.0
45740,1079988.0
457550,19901307.0
457590,698023.0
45760,3681428.0
45770,6510359.0
457710,2095150.0
457730,696191.0
4580,5808666.0
458710,2336901.0
458960,6086952.0
459220,2986463.0
459510,1218705.0
459820,265976415.0
460120,11505292.0
460790,3739385.0
460810,7858183.0
460870,14952133.0
460920,60435324.0
460930,801452268.0
461880,1975896.0
461890,82704.0
461910,1531519.0
462030,164301.0
462770,1119554.0
462780,4746203.0
462930,2581162.0
463100,87541.0
463110,55890.0
463210,399364.0
463220,366377.0
463530,33522169.0
463680,2216301.0
463710,90494.0
464060,12907289.0
464340,1024860.0
464350,1619101.0
464850,3128721.0
46500,7019404.0
465240,1552105.0
465650,44614207.0
465710,4141591.0
465760,323333.0
466170,215443279.0
466240,447130976.0
466300,20808996.0
466560,380489352.0
466580,112321.0
466860,8573090.0
466910,695884.0
467000,3404312.0
467010,344242.0
467120,81235.0
467370,96615.0
467390,12794.0
467520,19191950.0
467960,1659617.0
468070,9765484.0
468920,1425443.0
469600,66749205.0
469730,127146.0
4700,857735886.0
470220,8977980.0
471010,573742.0
471550,1558118.0
471710,5851294.0
473470,3602619.0
473500,1254057.0
473690,31763584.0
47400,943843.0
474050,127076.0
47410,149160206.0
474750,867219.0
474960,39165045.0
475150,313083866.0
475190,991121.0
475220,654364.0
475550,2638948.0
4760,343501452.0
476460,1453897.0
476600,116418791.0
476620,567078961.0
477160,1098262084.0
477770,1663698.0
47780,2347644.0
477980,1269191.0
47810,128738455.0
47870,4676776.0
47890,1113282100.0
478980,14214221.0
480,2096133728.0
48000,1780905.0
480430,515777.0
480490,199937897.0
480650,5066270.0
481510,2402190.0
48190,5444250.0
48210,8439035.0
48220,3890382.0
48240,4912390.0
482730,1478914847.0
482750,41405913.0
482770,1057612.0
482850,836830.0
482920,2264762.0
483770,446045.0
484900,854928.0
4850,1984366.0
485390,133391.0
485420,5283432.0
485510,316197637.0
485830,569736.0
485950,1455809.0
485980,9869651.0
486150,417088.0
486310,1089154.0
486480,78760.0
486780,7305731.0
48700,1920938303.0
487120,2877237.0
48720,90016979.0
487270,314831.0
488790,121940226.0
489520,20699225.0
489830,3535842811.0
491260,956554.0
491530,1524373.0
491650,264809.0
4920,4577632.0
492090,1029780.0
492130,2141097.0
493340,585256273.0
493370,2250117.0
493490,4714078.0
493730,211058.0
493840,481871.0
493900,7210509.0
494670,2751018.0
49520,2453048265.0
495280,1215890.0
495780,36336.0
495910,135815485.0
496240,2021208.0
496300,4457774.0
496460,71971596.0
496680,128158.0
496690,46305.0
497180,9405186.0
498240,1045456.0
50,2170698.0
500,119990346.0
500710,15406601.0
500940,15708.0
50130,139331795.0
501300,859857.0
501690,8323004.0
501800,589639.0
502370,1313791.0
502520,145070746.0
502800,1156511.0
50300,3632602.0
503560,2983108.0
503770,19521499.0
503820,397035.0
504050,1629259.0
504210,14053206.0
504370,530847865.0
504730,83018389.0
504880,1358757.0
505040,15261623.0
505460,8407256.0
506140,277249632.0
50620,15444117.0
50650,9682338.0
506540,29763069.0
506610,7628942.0
506670,1499381.0
507300,6330814.0
507360,73695.0
507390,59582.0
507400,87294.0
507490,2093475.0
509110,174313.0
509240,107514.0
509840,115882.0
509930,10852.0
510510,810666.0
510630,70320.0
510660,1933862.0
511680,1074379.0
511800,3174412.0
512020,102109.0
512470,1695404.0
512770,222776.0
512900,6418103.0
513510,6522840.0
513570,1182427.0
513590,450996.0
513620,761706.0
513650,226941058.0
514660,65267.0
514900,9218682.0
515220,139489585.0
515470,169565.0
515690,167536.0
516750,155229246.0
517160,11974394.0
517790,2072487.0
518030,3711488.0
518790,555735950.0
519190,1919043.0
520440,4446444.0
521150,12936032.0
521630,745758.0
521890,38473757.0
522230,1991833.0
522470,6728878.0
523120,12934493.0
523150,101712.0
524220,329442687.0
524580,915132.0
524660,6371398.0
525300,171338.0
525480,2103864.0
525920,5390072.0
526160,1500923.0
526290,1269660.0
526580,2576481.0
527100,9650072.0
527230,16321792.0
527270,10659361.0
527290,5775693.0
527430,11144062.0
527770,83308.0
527800,7188.0
528070,121746.0
528200,28939305.0
528210,455380.0
528300,12066.0
528510,2608880.0
528740,2330049.0
529180,126261817.0
530070,5809554.0
530700,1796074.0
531640,211269946.0
532030,75433.0
533150,83443.0
533180,748059.0
533340,315861.0
533780,899897.0
534500,152451.0
535230,1765200.0
535260,9393.0
536220,1234889.0
536930,210024823.0
537180,195646511.0
537800,2728253.0
538590,1303728.0
538680,3966114.0
539440,103720.0
539450,49729.0
541180,11820912.0
541210,3047631.0
542340,164154.0
542480,6525224.0
542550,32182.0
542650,616587.0
543460,1476656.0
544610,2320810.0
544730,13231033.0
545110,5891675.0
545580,475694.0
545650,6731187.0
546200,954546.0
546400,1917780.0
546660,526346.0
547040,56456.0
547680,1189691.0
547900,1618708.0
547960,140764.0
550,2912581847.0
550340,800042.0
550470,91273274.0
550650,1262061023.0
550900,182101172.0
55100,15439798.0
55140,966846.0
55150,4133766.0
551670,3907653.0
551730,5193608.0
552100,11125591.0
552110,1928373.0
55230,167507308.0
552590,303554.0
552620,69531555.0
552700,2133740.0
552920,12325334.0
552990,1445380052.0
553640,628881.0
554510,10858977.0
554530,346979.0
554620,76807278.0
555160,119031749.0
555220,8182224.0
555570,267310097.0
555830,550619.0
555920,138374.0
557400,69174603.0
557780,4221537.0
558100,2510888.0
558990,27438117.0
559500,7494838.0
559650,3019338.0
561340,216002.0
561590,640331.0
561600,4478313.0
561610,6003014.0
562010,1358133.0
562080,376631.0
562430,186201.0
562730,1703524.0
562760,147724.0
562810,28657852.0
563120,281519.0
563560,5004675.0
56400,7229550.0
564230,3047219.0
564310,1371041.0
564530,3075381.0
564710,94929672.0
565380,18553.0
565860,121032.0
566050,22664790.0
567250,1132198.0
567640,6489943.0
567780,9966.0
568220,8702075.0
568570,1948868.0
568770,1084477.0
568810,15987.0
569480,106446303.0
569860,6970792.0
570,128783891548.0
570420,586171.0
570770,9594040.0
570780,1832379.0
570840,723658.0
571260,1952302.0
571310,791874.0
571740,111815416.0
572410,4743131.0
57300,2430458.0
574070,176439.0
574620,2196532.0
574640,317849.0
574810,127737.0
575550,4986282.0
575570,158438.0
575720,3841436.0
575840,68780.0
575860,63254.0
576050,19916.0
576130,5655020.0
57640,4759192.0
57690,5606900.0
577230,27598802.0
57730,12243617.0
57740,1298547.0
577800,934307378.0
577940,10694467.0
578080,149899886475.0
578260,186286.0
578310,68159350.0
578330,3368917.0
578620,2290315.0
57900,9182357.0
579230,69667.0
579950,3816300.0
580200,8635425.0
580420,281455.0
581030,109955.0
581100,86773.0
581130,1996159.0
581600,386133.0
581620,9594212.0
581630,5193142.0
581670,131151.0
581690,214419.0
582160,713798763.0
582430,650693.0
582500,2125078.0
582550,971741.0
582660,3876492884.0
583010,21486086.0
583470,4007805.0
584400,3059584.0
585410,3825845.0
585560,66044.0
585790,376528.0
585900,1035685.0
58610,9505747.0
586140,3574820.0
587260,934681.0
588210,1484760.0
588220,939075.0
588430,363555420.0
588650,500515146.0
589290,64001510.0
589870,1464344.0
591370,18925822.0
591560,269400.0
591740,3812384.0
591960,2617037.0
592260,4259468.0
592490,658530.0
592580,236717845.0
592600,65154110.0
593030,11482073.0
593280,1054376.0
594570,4777584330.0
595280,2855491.0
595340,237294.0
595420,7614457.0
595460,2214292.0
596350,1157951.0
596650,836721.0
596690,306454.0
597170,3838787.0
597220,2185056.0
597840,1360596.0
598330,3998885.0
598960,1559360.0
599100,95106.0
599460,11097096.0
6000,1457198.0
600600,24557.0
600750,7547301.0
601340,316640.0
601430,62048069.0
601510,1976888864.0
6020,4319614.0
602520,1135439.0
602940,31415.0
6030,1118786.0
603780,19001413.0
604160,239965.0
604500,2030870.0
6060,127134665.0
606050,98518.0
606330,269465.0
606800,3468839.0
607200,760838.0
607880,3715917.0
607890,59457946.0
608560,318786.0
609150,11929923.0
609940,767216.0
610080,513762232.0
610120,558519.0
610180,2875460.0
610670,96234.0
611500,22821702.0
611790,55747867.0
612020,160844473.0
612510,1039802.0
612880,143068074.0
614570,3277867.0
614860,305681.0
614910,11645846.0
616360,508142.0
616560,2596212.0
61700,10931353.0
617830,2768760.0
618970,1821699.0
619080,1049602.0
619310,566933.0
619330,674511.0
619340,45654.0
619400,48070.0
619520,6286031.0
619730,2938359.0
619890,688511.0
619910,1045788.0
620,679812233.0
620130,10112.0
620940,8974.0
621830,1689088.0
621880,1070646.0
622590,394464758.0
622650,3234500.0
622920,7113.0
623550,47428.0
624090,4407605552.0
624120,98976557.0
624140,18110572.0
624220,2292135.0
624910,123017.0
625140,6328328.0
625950,1068086.0
626010,913680.0
627270,83230693.0
627690,1276554935.0
628860,168214.0
628890,165383787.0
629030,14881.0
629280,86920.0
629690,1997619.0
630,1217656.0
631530,517612.0
632300,709118.0
633460,1588959.0
63380,3189671.0
633880,221320.0
634160,1094882.0
635200,334897.0
635260,5665616.0
636040,6769588.0
636480,169692406.0
637100,658439.0
63910,17183711.0
639170,5076075.0
63950,91738.0
639780,2369768.0
639790,5597421.0
64000,2022933.0
640100,0.0
640590,2022482.0
641780,18747666.0
641990,115229902.0
644560,13294604.0
644570,1388468.0
644930,68887334.0
645260,12467172.0
645630,428976053.0
646570,2203005377.0
647830,53606514.0
648430,335327.0
649900,485702.0
650000,158735.0
650500,18981000.0
650760,15789332.0
654880,1275254.0
65540,1866974.0
655780,425672.0
657200,71833514.0
657860,628287.0
65790,5326076.0
65800,5565800.0
658160,1190598.0
658980,147808.0
65930,15286791.0
659460,50370.0
65980,171302650.0
660160,12255916.0
662320,729765.0
663090,285628061.0
663390,34838190.0
664430,2852705.0
665180,9890758.0
665360,1115236.0
666220,18752674.0
667600,510288.0
667870,19030247.0
668630,2975571.0
669580,1224397.0
670880,2.0
672680,65807692.0
673610,4870313.0
67370,27447805.0
674940,219419504.0
675010,211404989.0
675260,1418320.0
678800,46304952.0
6800,16265676.0
681810,3230185.0
681820,12942775.0
681840,10624623.0
682130,40450885.0
683900,4176581.0
685310,61777775.0
6860,1953998.0
688470,48855853.0
690510,8294130.0
6910,19006843.0
694130,988287.0
697610,963452.0
698780,225856945.0
70,157540928.0
703700,4438601.0
70400,11762239.0
704040,1883946.0
705120,575295.0
705220,6637060.0
70600,11073104.0
706220,473656840.0
71250,16860075.0
71270,135104728.0
712840,9006458.0
71340,2189198.0
715310,765901.0
717640,345535.0
717790,429450.0
718650,7054938.0
7200,1373573.0
721030,4088011.0
72200,9538502.0
722060,52083487.0
723790,418758.0
726390,1188019.0
72850,2698564805.0
730,119682087201.0
73010,7359731.0
730370,2137.0
73170,2899634.0
732430,817230.0
732730,410876.0
734580,966934.0
735280,10642906.0
735570,139970.0
738060,39853389.0
740260,1288569.0
741260,469559.0
745,3340916.0
745880,3317573.0
746910,184129.0
748370,442304.0
7510,23427700.0
7520,2363811.0
757570,66997.0
7600,2129511.0
7610,1299317.0
7620,2095348.0
7670,1784983.0
7760,11074443.0
78000,6604454.0
7830,11347523.0
7940,3835090.0
80,144484537.0
8000,13847791.0
8140,9381914.0
8190,7275842.0
8500,920951895.0
8600,6313064.0
8800,314918845.0
8850,12490348.0
8870,169599898.0
8930,6377550606.0
8980,152764259.0
9010,12901465.0
91310,2608931.0
9200,3355437.0
92800,7343321.0
9340,10221936.0
9350,1776278.0
9420,125124206.0
9450,185179028.0
9480,2548334.0
95400,7562313.0
9880,3435000.0
98800,11315039.0
9900,372101050.0
9930,778524.0
99900,5799159.0
